name,country,contact_person,email,products,division
ALL CARBON,,Ms Alice chen,Alice@allcarbon.com.cn,MICROSILICA,REFRACTORY RAW MATERIALS
DALIAN QIXIANG REFRACTORIES CO.; LTD.,China,Ms.Maria,maylongdalian@163.com; kxl1981@163.com," SILICON CARBIDE BLOCK , CARBOFRAX , MORTAR ",REFRACTORY PRODUCTS
ABHIJEET FERRO TECH LIMITED ,,Anil Nair ,anil.nair@abhijeet.in,,
AL JOOD NATURAL RESOURCES LLC,,Mohammed Rizwan,rizwan@aljood.om,,
ALCHEMY HEAVY METAL,,,,,
ANIL MINERALS,,,,,
ANSSEN METALLURGY,,Aaron Huang,tech@anssen.com,,
APOYO METALLURGY CO.;LTD,,Ms.Leticia,apoyometalleticia@163.com ;  leticia@lnsstsjt.cn,,
BEIJING LY METALS AND MINING ,,Ms. Lucy Wang,wanghuiying51@hotmail.com,,
BETTERLY INDUSTRIAL CO.; LTD.,Hong Kong,Mr. Shuguang QU; Ms. Erica,zzqufeng@hotmail.com,"WFA,BFA,SIC,SPINEL, SIC,MULLITE,FUSED SILICA,CEMENT,CALCINED ALUMINA,TABULAR ALUMINA",REFRACTORY RAW MATERIALS
CIMM GROUP,China,Ms. Jenny,jenny@cimmuk.com,GRAPHITE ELECTRODES,REFRACTORY PRODUCTS
CORONA ,,Esteban Barrientos Villegas - Direct Materials Corporate Negotiator,ebarrientosv@corona.com.co,,
CUBYIRA COMMODITIES PARTNERS,,Ishan Bhaskar ,ishanbhaskar@gmail.com,,
D S ALLOYD ,,MR GOPAL,gopal@dsalloys.com,,
KAIDA ROLL,China,Stacy Wang,stacy@kaidaroll.com,ROLLS,REFRACTORY PRODUCTS
DELONG ROLL,China,"An Zinuo ,,  Max Huo",sale@delongroll.com,ROLLS,REFRACTORY PRODUCTS
BKDR TECH,China,Myron Zhu,myron.zhu@qq.com,ROLLS,REFRACTORY PRODUCTS
TANGSHAN WEILAN TRADING,China,Sheridan ,sales3@tsweilang.com,ROLLS,REFRACTORY PRODUCTS
DAN TAN,China,Eason Che,eason.che@qq.com,,
DELDA CARBON,China,Ms.Rita Liu,rita@delda.com.cn,GRAPHITE ELECTRODES,REFRACTORY PRODUCTS
HEBEI GUIKUN CHEMICALPRODUCT CO.;LTD ,China,Ms. Silvia,silvia@guikunchem.com,GRAPHITE ELECTRODES,REFRACTORY PRODUCTS
ERYAS OLIVINE MADENCILIK VE DIS TIC.LTD. STI.,,Mr.Murat YAKUT-Foreign Trade Manager,muratyakut@eryas.com; berkanipek@eryas.com,,
FANGLIN MINERALS,,Mr Xu Menglei,xh.fu@fanglinminerals.com,"FM,DBM,CCM,SIC",REFRACTORY RAW MATERIALS
FANGDA CARBON ,China,Eason Che,eason.che@qq.com,GRAPHITE ELECTRODES,REFRACTORY PRODUCTS
FLOOREX TILES,,,,,
FUPENG INTERNATIONAL GROUP LTD.,China,Ms. Hellen Du,hellen@fupengmgo.com,"FM,DBM,CCM",REFRACTORY RAW MATERIALS
HITECH INDUSTRIAL HOLDING CO.; LIMITED,CHINA,Tina Gong (Ms.) ; Dr. Stone Wu (Mr.),tina@forevermaterial.com; stonewu@forevermaterial.com ,"MAG CARBON BRICKS, MAG CHROME BRICKS",REFRACTORY PRODUCTS
DASHIQIAO GUANCHENG REFRACTORY CO. LTD,China,MR.SUN GUOZHU,sunguozhu0205@163.com;   420876852@qq.com ,"MAG CARBON BRICKS, MAG CHROME BRICKS",REFRACTORY PRODUCTS
LIAONING FUCHENG REFRACTORY PRODUCTS GROUP CO.;LTD ,China,Ms.Sunny Liu ,sea585@163.com,"MAG CARBON BRICKS, MAG CHROME BRICKS",REFRACTORY PRODUCTS
FUPENG INTERNATIONAL GROUP LTD.,,Ms. Hellen Du,hellen@fupengmgo.com,,
AMANDA INTERNATIONAL PRIVATE LIMITED ,,Ms.Lucy Zhao,sales01@amanda.net.cn,WOLLASTONITE,CERAMIC
XINHU SOUTH WOLLASTONITE,China,Donna Yan,myanmeidonna@xynf.cn,WOLLASTONITE,CERAMIC
SONG BINH MINERALS JOINT STOCK COMPANY,Vietnam,Shina ( Ms.Duong )  ,duong.tran@songbinhminerals.com ;  tri.huynh@songbinhminerals.com,ZIRCON FLOUR,CERAMIC
EAST MINERALS,VIETNAM,Ms. Trang,trangtq@eastminerals.asia,ZIRCON FLOUR,CERAMIC
VMPC MINERALS,VIETNAM,Ms. Lily,endinhthi@gmail.com,ZIRCON FLOUR,CERAMIC
PT MONOKEM SURYA,INDONESIA,Mr. Aditya Laksmana,salesexport@monokem.com,ZIRCON FLOUR,CERAMIC
GANSU JINSHI CHEMICAL INDUSTRIAL CO.LTD,,Mr. Robert,chromechem@hotmail.com,,
GANSU RICH MINMETALS CO.;LTD,,Ms wang ,gansurich@hotmail.com,,
GAOTENG INDUSTRIAL RAW MATERIALS,,Ms. Carol,gaoteng1@gtdl.com.cn,,
GSA SH.P.K,,ELTON BEQI ,elton.beqi@gsa.al,,
HAILI CARBON,,Ms. Haili ,haili@hailicarbon.com,,
HEBEI KANGNAIXING,,Kun Wang,kun@hbkangnaixing.com,,
HEBEI YUNAI NEW MATERIAL TECHNOLOGY,,Mr. Jack Yan,jack@yncarbon.com,,
HIRA POWER AND STEELS LTD ; INDIA ,,Mr Vikas AGARWAL,export@hpslindia.com,,
IBAR NORDESTE LTDA.,Brazil,Erica Almeida ;  Emilio Lobato, ibarcomex@ibar.com.br ; erica@ibarnordeste.com.br; emilio.lobato@ibarnordeste.com.br,,
ICI SUISEE ,,Eugene Simonovskiy,e.simonovskiy@ici-suisse.com,,
INDUSTRIAL MINERALS COMPANY L.L.C; OWNED BY MAADEN CO.,,Mr. Ali Mohammed Al Sarar ; Mr. Kumar Chenniappan & Mr.Suhayb  Khalid Albilasi,SararA@maaden.com.sa; ChenniappanK@Maaden.com.sa ; AlbilasiS@maaden.com.sa,DBM,REFRACTORY RAW MATERIALS
IXM,,Annabelle Liang ,annabelle.liang@ixmmetals.com,,
JAI BALAJI INDUSTRIES LTD,,Mr Tahmeed ,tahmeed@jaibalajigroup.com,,
JIANGXI KEXING SPECIAL CERAMIC CO.; LTD,,,,,
JIANGXI KEXING SPECIAL CERAMIC CO.LTD,,,,,
JIANLONG CARBON,,Ana Xu,anaxu@jiang-long.com,,
JINLI GROUP ,,Mr Bajoe,info@chinacoredwire.com,,
JSM REFRACTORY COMPANY LIMITED,,MS. Monica Lee; Ms. Ryan,monica@jsmrefractory.com; Ryan@jsmrefractory.com,BAUXITE,REFRACTORY RAW MATERIALS
KAMRAN COMMERCIALS PVT LTD ,,Anis Gul ,kamran_commercials@hotmail.com,,
KIBAR GROUP ,,Mehmet Karakas ,mehmet.karakas@kibardisticaret.com,,
KIMWAN CARBON,China,Hidy,hehuan@kimwan.cn,GRAPHITE ELECTRODES,REFRACTORY PRODUCTS
KONYA SELCUKLU KROM MAGNEZIT TUGLA SANAYII A.S.,,Mr. Hasan Guney,konyakrom@konyakrom.com; gidenvrak@konyakrom.com,,
LANZHOU SUNRISING FERROALLOY CO.;LTD ,,Mr Deer Lu ; Ms Lilian,sales@westfesi.com,,
LIANYUNGANG EAST SUN INTERNATIONAL TRADE CO.;LTD,,Mr. Zhang Rongbin,chinagraphite@vip.163.com,,
MAGNESITA MINERACAO S.A.; BRAZIL,,Maria Paula Guimarães Rezende;  Eber Almeida ;  Alvaro lopes,Maria.Rezende@rhimagnesita.com; Eber.Almeida@rhimagnesita.com; Alvaro.Lopes@RHIMagnesita.com,,
MAITHAN ALLOYS LTD,,Mr Bhaskar Behera ,office@maithanalloys.com,,
MAOSON MINERALS LIMITED,China,Mr. DU Yongjun; Ms. Lu Na,du_yongjun_007@163.com,"WFA,BFA,DBM,FM,SIC,SPINEL,FMCR,CCM,GRAPHITE FLAKE,SIC,BAUXITE,MULLITE,FUSED SILICA,CEMENT,CALCINED ALUMINA,TABULAR ALUMINA",REFRACTORY RAW MATERIALS
MASTER MINERALS,,,,,
METAL MARKET ,,Mehmet Delen ,mehmet@metalmarket.com.tr,,
BBC MINES,INDIA,Mr. Chrnaram,bbcminessindawar@gmail.com,"BALL CLAY, KAOLIN",CERAMIC
METALLFOX,,Natalia Erkina,n.erkina@metallfox.ru,,
QUARRO;MINECRAFT MINERALS,INDIA,Mr. Aakash Kavadia,aakash@quarro.in,"KAOLIN, FELDSPAR",CERAMIC
MIR MINES AND MINERALS,,Mutee ur Rehman;,mutee@mirminerals.com,,
PACIFIC EXIM PVT LTD KARACHI ,,Arsalan Wasi ,arsalan.wasi@pacificexim.com,,
PAN GLOBAL TRADING LLC ,,MR ANIL KAPUR ,ak@panglobaltrading.com,,
PRIME RESOURCES TRADING CO.; LIMITED,,Mr. Ren; Ms. YU Jing,rxm@sinominmetals.com.cn; smmaster@sinominmetals.com.cn,"WFA,BFA,DBM,FM,SIC,SPINEL,FMCR,CCM,GRAPHITE FLAKE,SIC,BAUXITE,MULLITE,FUSED SILICA,CEMENT,CALCINED ALUMINA",REFRACTORY RAW MATERIALS
QTINITY,,Humair Qureshi,humairqureshi@qtinity.com,,
REALHI TRADE CO. LTD,,Ms. Jane,manager@dlrenheng.com,"FM,DBM,CCM",REFRACTORY RAW MATERIALS
REFMIN INTERNATIONAL CO; LTD,,Mr. Ivan; Jack; ,ivan@refmin.com.cn; jack@refmin.com.cn,"WFA,BFA,DBM,FM,SIC,SPINEL,FMCR,CCM,GRAPHITE FLAKE,SIC,BAUXITE,MULLITE,FUSED SILICA,CEMENT,CALCINED ALUMINA,TABULAR ALUMINA",REFRACTORY RAW MATERIALS
RIMA INDUSTRIAL S;A,,Jonas Ribeiro Faria,jrf@rima.com.br,,
ROHIT FERRO TECH ,,Mr Ankit  Patni,ankit.patni@rohitferrotech.com,,
SHIVOM IRON AND STEEL ,,Mr Ganesh Mukherjee, shivamiron.exim@gmail.com,,
SINO MINMETALS CO.;LTD,,Mr. Ren; Ms. YU Jing,rxm@sinominmetals.com.cn; smmaster@sinominmetals.com.cn,"WFA,BFA,DBM,FM,SIC,SPINEL,FMCR,CCM,GRAPHITE FLAKE,SIC,BAUXITE,MULLITE,FUSED SILICA,CEMENT,CALCINED ALUMINA,TABULAR ALUMINA",REFRACTORY RAW MATERIALS
SURVIEW PVT. LTD. (RAHIMTOOLA GROUP OF COMPANIES),,Abbas Rahitoola ,abbas@rahimtoolagroup.com,,
SYNDICATE MINERAL EXPORT COMPANY,,Aziz Kanani, aziz.kanani@hashwanigroup.com,,
WESTBROOK RESOURCES LTD,,Andy Sharp,asharp@wbrl.co.uk,,
XIAMEN FD IMP & EXP CO.; LTD,,Ms Summer ,export1@xiamenfd.com,,
XIAMEN ITG GROUP CORP.; LTD.,,Ms Cindy ,liuwx@itg.com.cn ,,
XILOLITE; BRAZIL,,Marco Aurélio Lobo da Luz,marco.luz@xilolite.com.br,,
HTR Henan Hongtai Kiln Refractory Co. LTD,China,Rita Li & Ashwini Pandey,,INSULATION BRICKS,REFRACTORY PRODUCTS
"Yingkou Shunan New Material Technology Co., LTD",China,Rita Li & Ashwini Pandey,,MAG CARBON BRICKS,REFRACTORY PRODUCTS
LIAONING ZHONGMEI GROUP,China,Rita Li & Ashwini Pandey,,MAG-CHROME AND DOLOMITE BRICKS,REFRACTORY PRODUCTS
Jiangsu Chianaref Refractory Co. Ltd,China,"Hisense Hu , Murphy Zhang","hisense.hu@chianaref.com , murphy.zhang@chianaref.com",TUNDISH COVER,REFRACTORY PRODUCTS
"Liaoning Guomei Refractory Co., Ltd.",China,Rita Li & Ashwini Pandey,,MAGNESIA BRICKS,REFRACTORY PRODUCTS
"Lu'an Greenergy Refractory and Insulation Material Co.,Ltd",China,Tom King,"sales_refractory@greenergyrefractories.com , info@greenergyrefractories.com",INSULATION BRICKS,REFRACTORY PRODUCTS
"Yingkou Jiamei Refractories Co.,Ltd.",China,Rita Li & Ashwini Pandey,,MAG CHROME BRICKS,REFRACTORY PRODUCTS
DB GROUP EXPORTS,INDIA,Mr Swapnil,exports@groupdb.co,FELDSPAR,CERAMIC
SHANDONG BP NEW MATERIAL TECHNOLOGY,CHINA,Mr. Soong,songjtao@sdhx.com,ALUMINA BALLS,CERAMIC
HENAN E-GRIND ABRASIVES CO.LTD,CHINA,Ms. Lance,lance@e-grindabrasives.com,GRINDING DISC,CERAMIC
LISBETH  MINERALS,INDONESIA,Mr. Marchelle,lisbeth.office@gmail.com,ZIRCON SAND,CERAMIC
MINERAL PREMIER KALIMANTAN,INDONESIA,Djoni,Djoni@minerkal.com,ZIRCON SAND,CERAMIC
QUINGDAO ZHONGYOUBANG NEW MATERIAL TECHNOLOGY,CHINA,Cindy,qd_zyb126.com,RUTILE SAND,CERAMIC
DORAL,AUSTRALIA,Gerry Daly,gerry.daly@doral.com.au,ZIRCON SAND,CERAMIC
SAKTHI ARIMA MINERALS,UAE,Mr. Sakthi,salesdesk@arimaminerals.com,ZIRCON SAND,CERAMIC
Sharad Group,India,Mr. Harsh Thakker,harsh@thesharadgroup.com,KAOLIN,CERAMIC
VLG Micron,India,Mr. Venus Gajara,vvvg@lgmicrons.com,KAOLIN,CERAMIC
Anyang feng fan silicon industries co ltd,China,86- 18738288474,ayffgygs@163.com,SILICON CHROMIUM,ORES AND ALLOYS
Lanzhou Sunrising Ferroalloys Co.Ltd ,China,"8618919127224        
86 18919106734 
86-18919106247 "," info@westfesi.com 
sales@westfesi.com 
sale@westfesi.com",SILICON CHROMIUM,ORES AND ALLOYS
"Hongxi Metallurgy Co. Ltd   /   Henan Guorui Metallurgical Refractories Co., Ltd(Factory)",China,"86-18567898496  86-15086839676
86-18317777489","robbin@gr-metallurgy.com
anson@gr-metallurgy.com
grmetallurgy6@gmail.com",SILICON CHROMIUM,ORES AND ALLOYS
"ChangXing Ferroalloy Resources Co.,Ltd",China,"86 18317337771
8615311176284","lang@cxferroalloy.com
danae@cxferroalloy.com",SILICON CHROMIUM,ORES AND ALLOYS
"Hainan West Asia Import and Export Group Co., Ltd",China,"86-16689780979
86 166 8972 1585
86 18976301609","marina@wasiatrade.com
sales09@wasiatrade.com
merchant@wasiatrade.com
purchase@wasiatrade.com
info@wasiatrade.com",SILICON CHROME,ORES AND ALLOYS
"Anyang Jinyuan Metallurgical Materials Co., Ltd",China,86-15226180657,"newcncptgroup@gmail.com
ayjinyuan@sina.cn",SILICON CHROME,ORES AND ALLOYS
"Anyang Jinfengda Metallurgical Co., Ltd.",China,"86 18749310967
86- 19105384865","jingjlily@gmail.com emma@ayjfd.com
meng@ayjfd.com",SILICON CHROME,ORES AND ALLOYS
Feng Erda Group,China,"86 17863227516
86-18663201129","china_d@fengerda.com
china_a@fengerda.com",SILICON CHROME,ORES AND ALLOYS
Winfred International Metal Limited ,China,86-177 9239 8095 ,"edwin@winfredint.com
Edwin.lee@Aliyun.com 
sales@winfredint.com",SILICON CHROME,ORES AND ALLOYS
"Henan All Star Metallurgical Material Co.,Ltd",,,info@qxferroalloy.com,SILICON CHROME,ORES AND ALLOYS
Henan Star Metallurgy Material Co.Ltd.(SMG),,86 17637228962,star20@alloyssi.com,SILICON CHROME,ORES AND ALLOYS
Anyang Weiyuan Alloy Co,,86 18567802263,"aria@wyalloys.com
Karl@wyalloys.com
",SILICON CHROME,ORES AND ALLOYS
"Anyi Metal Products (Shandong) Co., Ltd",,,sophia@anyisteel.com,SILICON CHROME,ORES AND ALLOYS
"Lanchuan Metal Products (Shandong)., Co Ltd",,86 188 8834 6802,wendy@lanchuansteel.com,SILICON CHROME,ORES AND ALLOYS
Wanhetong Metal Products ,,86 18953929670,Julia@whtsteelgroup.com,SILICON CHROME,ORES AND ALLOYS
"Anyang Zhenxin Metallurgical Materials Co., Ltd.",,"86 18637215035
86 18637217025
86 15565711616 ","sale04@zxferroalloy.com
sale07@zxferroalloy.com
sale05@zxferroalloy.com",SILICON CHROME,ORES AND ALLOYS
"Ningxia Fangtuo Metal Materials Co.,LTD",China,86-13995123098    ,sales@fangtuometal.com,SILICON CHROME,ORES AND ALLOYS
"Anyang KongFang Metallurgical New Material Technology Co., Ltd",,86 135 26120097,info@kfferrosilicon.com,SILICON CHROME,ORES AND ALLOYS
New Sail Ferroalloy,China,86 166 3835 9670,"jennywu@ns-ferroalloy.com
louisxu@ns-ferroalloy.com",SILICON CHROME,ORES AND ALLOYS
HONOR ALLOYS LIMITED,Hong Kong,,diana@honoralloys.com,SILICON CHROME,ORES AND ALLOYS
"Anyang Huatuo Metallurgy Co., Ltd",China,86 18037296649,luna@sialloy.com,SILICON CHROME,ORES AND ALLOYS
Henan Xinxin Silicon Alloy Co.Ltd.,China,86-372-5375259 /        86-18624885692,judy@ferrosialloy.com    lisa@ferrosialloy.com,SILICON CHROME,ORES AND ALLOYS
"Anyang County jiacheng Metallurgy Refractory Co., Ltd",China,86-18839705885,han@ayjcmetallurgy.com,SILICON CHROME,ORES AND ALLOYS
"Xian Top Metal import and  Export Co., Ltd",China,86 13389218441 ,1179961028@qq.com,SILICON CHROME,ORES AND ALLOYS
CHENGGANG METAL,China,86 18595820336,iris@ferrosialloy.com,SILICON CHROME,ORES AND ALLOYS
"KANGXIN INTERNATIONAL TRADING CO.,LTD",China,,,SILICON CHROME,ORES AND ALLOYS
"Inner Mongolia Jinzhong Chemical Co., Ltd",China,86-17331026089,vivian@jinzhongchem.com,SILICON CHROME,ORES AND ALLOYS
Zhongpu Industrial Ltd,China,86 19137643043,zhongpu02@z-pu.com,SILICON CHROME,ORES AND ALLOYS
"Zhengxin Silicon Industry Co., Ltd",China,,anne@gxmetallurgy.com,SILICON CHROME,ORES AND ALLOYS
"Hong Kong Dadexing Co., Ltd.",China,86 13763106550, lisa@dadexinghk.com,SILICON CHROME,ORES AND ALLOYS
"Anyang Cheegoole Co., Ltd",China,86-17839180059,lisa@cheegoole.com,SILICON CHROME,ORES AND ALLOYS
Hira Ferro Alloys Ltd,Producer,8408880756,rajesh.alone@hfal.in sunil.poddar@hfal.in vinay.agrawal@hiragroup.com,SIMN,ORES AND ALLOYS
Shivam Iron and Steel Co. Ltd,Producer,"91-9851081881, 8443009949",gmukherjee2009@gmail.com shivamiron.exim@gmail.com,SIMN,ORES AND ALLOYS
Shri Bajrang Power & Ispat Ltd.,Producer,91-9826425018,manish.dhir@goelgroup.co.in,SIMN,ORES AND ALLOYS
Sharp Ferro Alloys Ltd,Producer,"9810285182
Simran-9818938767","gmmarketing@sharpferro.com
marketing@sharpferro.com md@sharpferro.com  chairman@sharpferro.com",SIMN,ORES AND ALLOYS
SUPER SMELTERS LTD – INDIA,Producer,9674773151,saurabh.mukerji@supershakti.in,SIMN,ORES AND ALLOYS
Lalwani Ferro Alloys Ltd.,Producer,8013338212,"marketing@lalwaniferroalloys.com
sandeep@lalwaniferroalloys.com",SIMN,ORES AND ALLOYS
Maithan Steel & Power Limited ,Producer,9647659399,ab@maithansteel.com,,ORES AND ALLOYS
Hira Ferro Alloys Ltd,Producer,8408880756,rajesh.alone@hfal.in sunil.poddar@hfal.in vinay.agrawal@hiragroup.com,SIMN,ORES AND ALLOYS
Shivam Iron and Steel Co. Ltd,Producer,"91-9851081881, 8443009949",gmukherjee2009@gmail.com shivamiron.exim@gmail.com,SIMN,ORES AND ALLOYS
Nava Bharat Ventures Ltd,Producer,+91 99484 44114,divakar.k@navalimited.com,SIMN,ORES AND ALLOYS
Shri Bajrang Power & Ispat Ltd.,Producer,91-9826425018,manish.dhir@goelgroup.co.in,SIMN,ORES AND ALLOYS
Simran Industries (A part of Deepak Ferro Alloys Pvt Ltd – Raipur) ,,91-9826120204                   91-9669628000,industries.simran@gmail.com,SIMN,ORES AND ALLOYS
Shakambhari  Group of Industries.,Producer,9330011021    7605076366,"bivas.ganguly@shakambharigroup.in
mridul.agarwal@shakambharigroup.in",SIMN,ORES AND ALLOYS
Sharp Ferro Alloys Ltd,Producer,"7803052643
9818938767
9810285182","gmmarketing@sharpferro.com
marketing@sharpferro.com md@sharpferro.com  chairman@sharpferro.com",SIMN,ORES AND ALLOYS
Shyam Group,Producer,8100127258,"exportsales@shyamgroup.com cral@shyamgroup.com mnal@shyamgroup.com krishanu.singha@shyammetalics.com
sales.accounts@shyamgroup.com",SIMN,ORES AND ALLOYS
Sundaram Alloys (Shyam Group),,,"sales@shyamferro.com
sales@sundaramalloys.com
joy@shyamferro.com
somnath@sundaramalloys.com",SIMN,ORES AND ALLOYS
Amar Ferro Alloys Ltd,,+91 9449313485,"rashmi@amarferroalloys.com
amar.ferroalloys21@gmail.com
prashant@amarferroalloys.com",SIMN,ORES AND ALLOYS
Berry Alloys Ltd,Producer,"97-1528333310
91-8359000060
65-98951280",mktg@berryalloys.com  mktg@srmcommercials.com,SIMN,ORES AND ALLOYS
Lalwani Ferro Alloys Ltd.,Producer,8013338212,"marketing@lalwaniferroalloys.com
sandeep@lalwaniferroalloys.com",SIMN,ORES AND ALLOYS
Sarda Metals & Alloys Limited ,Producer,"91-8898712664
91- 9594936516
91- 98208 76804","gaurav.j@smal.co.in
pramod.jaiswal@smal.co.in
mohit.pawnday@smal.co.in",SIMN,ORES AND ALLOYS
LK Group(Puja Ferro Alloys Pvt Ltd,Trader,9821099871  9821326548   ,vanit@lkgroupindia.com   ankit@lkgroupindia.com    rohin@lkgroupindia.com,SIMN,ORES AND ALLOYS
 SKP Group (NNP Ferro Alloys Pvt. Ltd),Producer,"9903967121
+91-6292280117

7908911066","amit.majumder@skpgroup.in
dipankar.skpmerchants@gmail.com

sgm.marketing@skpgroup.in- Domastic
deepankar.kumar@skpgroup.in- Domastic",FESIMN,ORES AND ALLOYS
Maithan Alloys Ltd,,9434080301,"office@maithanalloys.com 
marketing@maithanalloys.com
barun.jha@maithanalloys.com",FESIMN,ORES AND ALLOYS
Maithan Steel & Power Limited ,Producer,9647659399,ab@maithansteel.com,,ORES AND ALLOYS
SUPER SMELTERS LTD – INDIA,Producer,9674773151,saurabh.mukerji@supershakti.in,SIMN,ORES AND ALLOYS
SRG Minerals and Metals,Producer,91-9969272968,srgminmet@gmail.com,SIMN,ORES AND ALLOYS
Astha Ferro Alloys,Producer,,"gautam.afapl@gmail.com
yash@asthaferroalloys.com",SIMN,ORES AND ALLOYS
PLR Pojects Zambia Ltd,,91 9542608937,"naveen@plrprojects.com
niranjanplrz@plrprojects.com
jayakumar.peddireddy@plrprojects.com
ravitheja@plrprojects.com",SIMN,ORES AND ALLOYS
,,,antadze.ga@gmail.com,SIMN,ORES AND ALLOYS
Abul Khair Steel Melting Ltd,,88 01988801011,,SIMN,ORES AND ALLOYS
Bangladesh steel rolling mill,,88 0312854901,,"SIMN,HCFEMN",ORES AND ALLOYS
Anwar Group,,88 029564033,,SIMN,ORES AND ALLOYS
Asia Minerals,,,"subhendu.ghosh@asia-minerals.com
alexander.salnikov@asia-minerals.com",SIMN,ORES AND ALLOYS
Shakambhari  Group of Industries.,,9330011021 / 7605076366,bivas.ganguly@shakambharigroup.in,FESIMN,ORES AND ALLOYS
Bihar Foundary,,9631087691, gbudhia@gmail.com   exim.bfcl@gmail.com  rishi.bfcl@gmail.com rajeev.bfcl@gmail.com,FESIMN,ORES AND ALLOYS
DS Alloyed Pvt. Ltd. High,India,9810066707/ 9766000001,"kunal@dsalloys.com 
sunil@dsalloys.com",,ORES AND ALLOYS
Hira Power & Steel Ltd,India,"9989645043, 8999215924",exim@hpslindia.com d.suresh@hpslindia.com export@hpslindia.com vikasagrawal@hpslindia.com,,ORES AND ALLOYS
Bihar Foundary,India,"7803052643 
917566505669
 9631087691", gbudhia@gmail.com   exim.bfcl@gmail.com  rishi.bfcl@gmail.com,,ORES AND ALLOYS
Shri Bajrang Power & Ispat Ltd.,India,91-9826425018,manish.dhir@goelgroup.co.in,,ORES AND ALLOYS
SA Marathe & CO,India,91-9822006886,iam@samarathe.com,,ORES AND ALLOYS
Shyam Group,India,8100127258,"exportsales@shyamgroup.com
exop@shyamgroup.com
cral@shyamgroup.com mnal@shyamgroup.com krishanu.singha@shyammetalics.com",,ORES AND ALLOYS
Sundaram Alloys (Shyam Group),,"91-9051443777
91-7980081492","sales@shyamferro.com
sales@sundaramalloys.com
joy@shyamferro.com
somnath@sundaramalloys.com",,ORES AND ALLOYS
LK Group(Puja Ferro Alloys Pvt Ltd,India,9821099871  9821326548   ,vanit@lkgroupindia.com   ankit@lkgroupindia.com    rohin@lkgroupindia.com,,ORES AND ALLOYS
Sharp Ferro Alloys Ltd,India,"7803052643
9818938767
9810285182","gmmarketing@sharpferro.com
marketing@sharpferro.com md@sharpferro.com  chairman@sharpferro.com",,ORES AND ALLOYS
SUPER SMELTERS LTD – INDIA,India,9674773151,saurabh.mukerji@supershakti.in,,ORES AND ALLOYS
Shivam Iron and Steel Co. Ltd,India,"98-31180634
91-9851081881, 8443009949",gmukherjee2009@gmail.com shivamiron.exim@gmail.com,HCFEMN,ORES AND ALLOYS
Hira Power & Steel Ltd,India,"9989645043,  9981921058","export@hpslindia.com
d.suresh@hpslindia.com vikasagrawal@hpslindia.com doc@hpslindia.com",HCFEMN ,ORES AND ALLOYS
Hira Ferro Alloys Ltd,India,8408880756,"rajesh.alone@hfal.in 
sunil.poddar@hfal.in vinay.agrawal@hiragroup.com",HCFEMN,ORES AND ALLOYS
Anjaney Ferro Alloys Ltd,,"09732000871 / 
91 7995666619",export@anjaneyferro.com  amit@anjaneyferro.com ,HCFEMN,ORES AND ALLOYS
 SKP Group (NNP Ferro Alloys Pvt. Ltd),India,"9903967121
+91-6292280117

7908911066","amit.majumder@skpgroup.in
dipankar.skpmerchants@gmail.com

sgm.marketing@skpgroup.in- Domastic
deepankar.kumar@skpgroup.in- Domastic",HCFEMN,ORES AND ALLOYS
Maithan Alloys Ltd,India,9434080301,"office@maithanalloys.com 
marketing@maithanalloys.com",HCFEMN,ORES AND ALLOYS
Maithan Steel & Power Limited ,India,9647659399,ab@maithansteel.com,SIMN,ORES AND ALLOYS
Simran Industries (A part of Deepak Ferro Alloys Pvt Ltd – Raipur) ,India,91-9826120204        91-9669628000,industries.simran@gmail.com,HCFEMN,ORES AND ALLOYS
Shyam Group,India,8100127258,"exop@shyamgroup.com
exportsales@shyamgroup.com cral@shyamgroup.com mnal@shyamgroup.com krishanu.singha@shyammetalics.com
debajyoti.biswas@shyamgroup.com",HCFEMN,ORES AND ALLOYS
Shakambhari  Group of Industries.,India,9330011021    7605076366,"bivas.ganguly@shakambharigroup.in
mridul.agarwal@shakambharigroup.in",HCFEMN,ORES AND ALLOYS
LK Group(Puja Ferro Alloys Pvt Ltd,India,9821099871  9821326548   ,vanit@lkgroupindia.com   ankit@lkgroupindia.com    rohin@lkgroupindia.com,HCFEMN,ORES AND ALLOYS
Sharp Ferro Alloys Ltd,India,"7803052643
9818938767
9810285182","gmmarketing@sharpferro.com
marketing@sharpferro.com md@sharpferro.com  chairman@sharpferro.com",HCFEMN,ORES AND ALLOYS
Lalwani Ferro Alloys Ltd.,india,8013338212,"marketing@lalwaniferroalloys.com
sandeep@lalwaniferroalloys.com",HCFEMN,ORES AND ALLOYS
Sarda Metals & Alloys Limited ,India,"91-8898712664
91- 9594936516
91- 98208 76804","gaurav.j@smal.co.in
pramod.jaiswal@smal.co.in
mohit.pawnday@smal.co.in",MN,ORES AND ALLOYS
Berry Alloys Ltd,India,"91-8359000060
65-98951280",mktg@berryalloys.com  mktg@srmcommercials.com,HCFEMN,ORES AND ALLOYS
Shri Bajrang Power & Ispat Ltd.,India,91-9826425018,manish.dhir@goelgroup.co.in,FEMN,ORES AND ALLOYS
SRG Minerals and Metals,India,91-9969272968,srgminmet@gmail.com,HCFEMN,ORES AND ALLOYS
Super Smelters Ltd - India,India,"91 8420141483  
9830200785 
9330011021 ",saurabh.mukerji@supershakti.in,HCFEMN,ORES AND ALLOYS
Astha Ferro Alloys,India,,"gautam.afapl@gmail.com
yash@asthaferroalloys.com",HCFEMN,ORES AND ALLOYS
Bihar Foundary,India,"7803052643 
917566505669
 9631087691"," gbudhia@gmail.com   exim.bfcl@gmail.com  
rishi.bfcl@gmail.com",HCFEMN,ORES AND ALLOYS
"Zestafoni Ferroalloys Plant
Georgian Manganese LLC (GM)",Georgia,,"chancellery@vhpp.ge
gm-chancellery@gm.ge
info@gm.ge
office@gm.ge",,ORES AND ALLOYS
Chiaturmanganum Georgia LLC,Georgia,,"BERIDZE@CHMG.COM.GE
MISHA.JANIASHVILI@YAHOO.COM
INFO@CHMG.COM.GE
KVITAISHVILI.A@CHMG.COM.GE
CHMGMN@GMAIL.COM",,ORES AND ALLOYS
RUSALLOYS Ltd,Georgia,995 322 24 40 60,info@rusalloys.com,,ORES AND ALLOYS
Kaz Ferro Chrome,Kazakhstan,,"sales@kazferrogroup.kz
office@kazferrogroup.kz",,ORES AND ALLOYS
Georgia Metal LLC,Georgia,0099-5599184777,antadze.ga@gmail.com,HCFEMN,ORES AND ALLOYS
Trans Alloys,South Aferica,41-796779477,yves.boverat@afrominerals.ch,HCFEMN,ORES AND ALLOYS
Jai Balaji Industries Ltd.,India,+91 9230616691,tahmeed@jaibalajigroup.com,,ORES AND ALLOYS
Nava Bharat Ventures Ltd,India,,divakar.k@navalimited.com,,ORES AND ALLOYS
Mineral Zone (Pty) Ltd,South Aferica,.+27(0) 62 524 4801  , sandy@mineralzonesa.com   claude@mineralzonesa.com; ,,ORES AND ALLOYS
Bangladesh steel rolling mill,Bangladesh,88 0312854901,,,ORES AND ALLOYS
Amar Ferro Alloys Ltd,Zambia,+91 9449313485,rashmi@amarferroalloys.com,HEFEMN 75,ORES AND ALLOYS
"ChangXing Ferroalloy Resources Co.,Ltd",China,86 18317337771,lang@cxferroalloy.com,MN,ORES AND ALLOYS
"BH Minerals Co.,Ltd",China,86-13898833430,fl.zhao@hotmail.com,"LCFECR,FEV,",ORES AND ALLOYS
"Zhenxin Metallurgical Materials Co., Ltd.",China,86 15565711616 ,sale05@zxferroalloy.com,LCFECR,ORES AND ALLOYS
"Anyang Penghang Metallurgical Refractory Co., LTD",China,86 139 3868 0719,Sales3@phyjnc.com,LCFECR,ORES AND ALLOYS
"ANYANG HONGSHUN INDUSTRIAL CO.,LTD.",China,86-18567796851,nancy@hongshunalloy.com,LCFECR,ORES AND ALLOYS
Lanzhou Sunrising Ferroalloys Co.Ltd ,China,8618919127224        86 18919106734  , info@westfesi.com sales@westfesi.com ,LCFECR,ORES AND ALLOYS
Anyang feng fan silicon industries co ltd,China,86- 18738288474,ayffgygs@163.com,LCFECR,ORES AND ALLOYS
Anyang County Changfeng Ferroalloy Factory.,China,86 155 1881 9994,sales@aycf-metal.com,LCFECR,ORES AND ALLOYS
"SINOGU INDUSTRY CO., LTD
YUANJIN INDUSTRIAL LIMITED / Erdos Xijing Mining and Metallurgy Limited.",China,86-15807711280,sales@sinogu.com,LCFECR,ORES AND ALLOYS
Henan Xinxin Silicon Alloy Co.Ltd.,China,86-372-5375259,judy@ferrosialloy.com,LCFECR,ORES AND ALLOYS
V-Resource Ltd,China,86-13787087383,wusongqin@v-resource.com,LCFECR,ORES AND ALLOYS
"Anyang Jinfengda Metallurgical Co., Ltd.",China,+86 18749310967,meng@ayjfd.com,"LCFECR,MG METAL",ORES AND ALLOYS
"Anyang Jinyuan Supply Chain Management Co., Ltd.",China,"86 18749310967
86 15226180657","sales01.jsc@jscferroalloy.com
jingjlily@gmail.com 
emma@ayjfd.com
jscferroalloy@jscferroalloy.com",LCFECR,ORES AND ALLOYS
"HK WSM STEEL SERVICE CO. , LIMITED",China,86 155 151 00024,sale@wsm-stlsvc.com,,ORES AND ALLOYS
"Anyang KongFang Metallurgical New Material Technology Co., Ltd",China,86 135 26120097,info@kfferrosilicon.com,,ORES AND ALLOYS
ALL MINMETAL (AMI Metallurgical HK Ltd),China,"85-269332060
85-260247088 / 
86-19518796771
86-18898831629","cynthiacui@amim.com.hk
kevinlam@amim.com.hk
christinaning@ami-group.co",,ORES AND ALLOYS
"Anyang County jiacheng Metallurgy Refractory Co., Ltd",China,86-18839705885,han@ayjcmetallurgy.com,,ORES AND ALLOYS
"ChangXing Ferroalloy Resources Co.,Ltd",China,"86 18317337771
86-18637233145","lang@cxferroalloy.com
alex@cxferroalloy.com","MCFECR CR,
LCFECR CR",ORES AND ALLOYS
"Anyang Huahengfan Metallurgical Refractories Co.,Ltd",China,86 13569099603,"doris@huahengfan.com
yundi@huahengfan.com",,ORES AND ALLOYS
"Inner Mongolia Jinzhong Chemical Co., Ltd",China,86-17331026089,vivian@jinzhongchem.com,,ORES AND ALLOYS
"Shenyang Credit Metal Co., Ltd",China,86-15241830286,chen.su123@qq.com,,ORES AND ALLOYS
Eastop,China,86-28-85369961,info@eastopsc.com,,ORES AND ALLOYS
"Henan Yunzhao Metal Material Co., Ltd",China,,yaokun1112@outlook.com,,ORES AND ALLOYS
"Foosoon Trading Co., Ltd",,"86-15603722230
86-16668336325","admin@foosoonhk.com
sale@foosoonhk.com",,ORES AND ALLOYS
Jai Balaji Industries Ltd.,India,9230616691,tahmeed@jaibalajigroup.com,LCFECR,ORES AND ALLOYS
BALASORE ALLOYS LIMITED,India,"86-13911798061
9073975541

9903557436","Singhvijay@hotmail.com 
vijaysingh@ispat-china.com
suman.mondal@balasorealloys.com

prasanna.rout@balasorealloys.com",LCFECR,ORES AND ALLOYS
Indiano Chrome Pvt Ltd,India,"91-9923429544
91-9699714293","bajaj@indianoferro.com
sales@indianoferro.com
marketing@indianoferro.com
info@indianoferro.com",LCFECR,ORES AND ALLOYS
 SKP Group (NNP Ferro Alloys Pvt. Ltd),India,"9903967121
+91-6292280117

7908911066","amit.majumder@skpgroup.in
dipankar.skpmerchants@gmail.com

sgm.marketing@skpgroup.in- Domastic
deepankar.kumar@skpgroup.in- Domastic",LCFECR,ORES AND ALLOYS
Shyam Group,India,8100127258,"cral@shyamgroup.com mnal@shyamgroup.com krishanu.singha@shyammetalics.com
debajyoti.biswas@shyamgroup.com",CR,ORES AND ALLOYS
Access Metals Industries  ,India,91- 7001079050  ,sales@accessindustriesindia.com,LCFECR,ORES AND ALLOYS
"ETIMET 
Eti Elecktrometalurji A.S.",Turkey,,info@etimet.com,LCFECR,ORES AND ALLOYS
indiano Global LLC (Indiano Alloys & Minerals Redefined),UAE,971-561644816,mayank@indianoglobal.com,"COKE,LCFECR",ORES AND ALLOYS
Jai Balaji Industries Ltd.,India,9230616691,tahmeed@jaibalajigroup.com,,ORES AND ALLOYS
Arrk Ferro Alloys LLP,India,9163219664,raghav@arrkferro.com,CR,ORES AND ALLOYS
 SKP Group (NNP Ferro Alloys Pvt. Ltd),India,"9903967121
+91-6292280117

7908911066","amit.majumder@skpgroup.in
dipankar.skpmerchants@gmail.com

sgm.marketing@skpgroup.in- Domastic
deepankar.kumar@skpgroup.in- Domastic",CR,ORES AND ALLOYS
BALASORE ALLOYS LIMITED,India,"86-13911798061
9073975541

9903557436","Singhvijay@hotmail.com 
vijaysingh@ispat-china.com
suman.mondal@balasorealloys.com

prasanna.rout@balasorealloys.com",CR,ORES AND ALLOYS
Surya Alloys Industries Limited,India,9830141144,abhinav1610@gmail.com,,ORES AND ALLOYS
FACOR Alloys Limited,India,0091 11 41072935,"rks@falgroup.in
kishor@falgroup.in",,ORES AND ALLOYS
Rungta Industries (Tirumala Balaji),India,9830088987,arindam@rungtaindustries.com;  manoj@rungtaindustries.com,,ORES AND ALLOYS
Shyam Group,India, 9874322454,"debajyoti.biswas@shyamgroup.com

cral@shyamgroup.com (Not Send in inquiry) mnal@shyamgroup.com krishanu.singha@shyammetalics.com",CR,ORES AND ALLOYS
Jajoo Group,,9636499999,suraj@jajoogroup.com,,ORES AND ALLOYS
Shakambhari  Group of Industries.,India,9330011021    7605076366,"bivas.ganguly@shakambharigroup.in
mridul.agarwal@shakambharigroup.in",,ORES AND ALLOYS
Rashmi Group,India,9007563320,"smghosh@rashmigroup.com
siribabu@rashmigroup.com
chinmoy.bc@rashmigroup.com
shravan.jha@rashmigroup.co.in
basudev.sarkar@rashmigroup.com",CR,ORES AND ALLOYS
Lalwani Ferro Alloys Ltd.,India,8013338212,"marketing@lalwaniferroalloys.com
sandeep@lalwaniferroalloys.com",,ORES AND ALLOYS
Indian Metals & Ferro Alloys Limited (IMFA),India,91-7077773315,anshulmishra@imfa.in,HCFECR,ORES AND ALLOYS
Tata Steel (Ferro Alloys Div.),India,"91-9262692112 
91 7719964228","ankit.babde@tatasteel.com
nirmalya.mandal1@tatasteel.com",HCFECR,ORES AND ALLOYS
Golden Crystal International,South Aferica Zimbabwe,,kartik@goldencrystalinternational.com,HCFECR,ORES AND ALLOYS
Indsil Group of companies,Oman,,"skraju@atifoman.com
unreddy@atifoman.com
krishnendu@atifoman.com",CR,ORES AND ALLOYS
Shah Alloys,India,,meghal.shah@salsteel.co.in,HCFECR,ORES AND ALLOYS
Part Gowal Giti Company,Iran,,partgowal.sahar@gmail.com,HCFECR,ORES AND ALLOYS
Shyam Group,India,8100127258,exportsales@shyamgroup.com cral@shyamgroup.com mnal@shyamgroup.com krishanu.singha@shyammetalics.com,FESI,ORES AND ALLOYS
Lakshmi Metals & Alloys Pvt Ltd Vizianagram,India,9845075755,lmaplgvd@gmail.com,FESI,ORES AND ALLOYS
Berry Alloys Ltd,India,"91-8359000060
65-98951280",mktg@berryalloys.com  mktg@srmcommercials.com,"FESI
ONLY DOMESTIC, NOT EXPORT",ORES AND ALLOYS
Maithan Alloys Ltd,India,9434080301,"office@maithanalloys.com 
marketing@maithanalloys.com","FESI
ONLY DOMESTIC, NOT EXPORT",ORES AND ALLOYS
Maithan Steel & Power Limited ,India,9647659399,ab@maithansteel.com,FESI,ORES AND ALLOYS
Pioneer Carbide Pvt Ltd,India,94-35617777,"utkarsh@pcpl.co
sales@pcpl.co",FESI,ORES AND ALLOYS
Gasgen Ferro Alloys,India,,"corporate@gasgenferro.com
sales@gasgenferro.com",FESI,ORES AND ALLOYS
Rhodium Ferro Alloys Pvt Ltd,India,,rhodium@ferroalloys.net ,FESI,ORES AND ALLOYS
RNB Carbides and Ferro Alloys Pvt Ltd.,India,91-8132953936,ferro@Rnbgroup.org ,FESI,ORES AND ALLOYS
Nava Bharat Ventures Ltd,India,+91 99484 44114,divakar.k@navalimited.com,FESI,ORES AND ALLOYS
Bhutan Carbide & Chemicals,Bhutan,91-9674323886,bcclmktg.cal@gmail.com,FESI,ORES AND ALLOYS
Druk Wang Alloys Limited,Bhutan,971 17 11 04 34  +975-5-251307,"dwal.mkt@gmail.com
chimidn@yahoo.com
drukwang@gmail.com",FESI,ORES AND ALLOYS
"Druk Ferro Alloys Limited,",Bhutan,,"drukferro2011@gmail.com 
knamgyel2002@gmail.com",FESI,ORES AND ALLOYS
SD Eastern Bhutan Ferro Silicon Pvt.Ltd,Bhutan,"91- 7086888790
975-17131830",salesbhutan2021@gmail.com salessdbhutan@gmail.com rajkumar_patro@yahoo.com  talukdarngp1@gmail.com,,ORES AND ALLOYS
Ugen Ferro Alloys Pvt. Ltd,Bhutan,"9831058811
9932021000","bhutanshreyan@gmail.com
rishibhutan@gmail.com",FESI,ORES AND ALLOYS
,Bhutan,9830971110,sandipghosh@taiind.com,,ORES AND ALLOYS
Rima Industrial S/A,Brazil,,jrf@rima.com.br,FESI,ORES AND ALLOYS
The Egyptian Ferroalloys co.,Egypt,1064584478,"fatma_ewis@yahoo.com
eidmohlel@yahoo.com
sharabiefaco@hotmail.com
sharabiefaco@gmail.com
ehab.efaco@gmail.com",FESI,ORES AND ALLOYS
ALL MINMETAL (AMI Metallurgical HK Ltd),China,"85-269332060
85-260247088 / 
86-19518796771
86-18898831629","cynthiacui@amin.com.hk
kevinlam@amim.com.hk
christinaning@ami-group.co","SIMN, FEMN HC, FEMN MC, FEMN LC, FECR HC, FECR LC, FEB, FEMGSI, BASI, BACASI, FEZRSI, FESRSI, FESI RE, FEP, FES, FETI, FEV, FEMO, FENB, MG GRANULAR, MG ALLOY, MN METAL FLAKES, MN METAL LUMP, MN POWDER, MN BRIQUETTE, SI METAL LUMP, SI POWDER, CA METAL LUMP, CA GRANULAR, HIGH PURITY CA, CA SOLID WIRE, MISCHMETAL METAL INGOT, CR METAL, CAMG, CAAL, MNAL, NITRIDED MN METAL, CASI, FEMGSI, CA GRANULAR, CA SOLID WIRE, FEB, BASI, FESI RE, CALCINED PET. COKE, STEEL STRIPS, FETI, FEMO, FEV, NITRIDED MN METAL, NITRIDED FESI, NITRIDED FECR, CALCIUM CYANIDE",ORES AND ALLOYS
Anyang County Changfeng Ferroalloy Factory.,China/ Hongkong,86 155 1881 9994,sales@aycf-metal.com,"SIMN, FEMN HC, FEMN MC, FEMN LC, FECR HC, FECR LC, FEB, FEMGSI, BASI, BACASI, FEZRSI, FESRSI, FESI RE, FEP, FES, FETI, FEV, FEMO, FENB, MG GRANULAR, MG ALLOY, MN METAL FLAKES, MN METAL LUMP, MN POWDER, MN BRIQUETTE, SI METAL LUMP, SI POWDER, CA METAL LUMP, CA GRANULAR, HIGH PURITY CA, CA SOLID WIRE, MISCHMETAL METAL INGOT, CR METAL, CAMG, CAAL, MNAL, NITRIDED MN METAL, CASI, FEMGSI, CA GRANULAR, CA SOLID WIRE, FEB, BASI, FESI RE, CALCINED PET. COKE, STEEL STRIPS, FETI, FEMO, FEV, NITRIDED MN METAL, NITRIDED FESI, NITRIDED FECR, CALCIUM CYANIDE",ORES AND ALLOYS
"Anyang County jiacheng Metallurgy Refractory Co., Ltd",China,86-18839705885,han@ayjcmetallurgy.com,"FERRO SILICON, 
HIGH PURITY(HP) FERRO SILICON, 
ATOMIZED FERRO SILICON, 
LOW CARBON (LC)FERRO CHROME, 
HIGH CARBON FERRO SILICON, 
ELECTROLYTIC MANGANESE FLAKE, 
SILICON METAL, 
FERRO MANGANESE, 
SILICON BALL, 
SILICON CARBIDE, 
COAL BRIQUETTE,
GRAPHITE PETROLEUM COKES (GPC)",ORES AND ALLOYS
Anyang feng fan silicon industries co ltd,China,86- 18738288474,ayffgygs@163.com,FESI,ORES AND ALLOYS
"Anyang Guoqi Silicon Industry Co.,Ltd",China,86-18633897900,"sales02@siliconxg.com
manager@siliconxg.com
sales03@siliconxg.com","LOW ALUMINUM SILICON, L C FERRO MANGANESE, L C FERRO CHROME, H C FERRO MANGANESE, H C FERRO CHROME, CALCIUM SILICON ALLOY, SILICON MANGANESE ALLOY, ELECTROLYTIC MANGANESE METAL, FERRO SILICON MANGANESE, FERRO SILICON ZIRCONIUM, METAL CALCIUM, ELECTROLYTIC MANGANESE, MANGANESE METAL, MAGNESIUM METAL, SILICON ZIRCONIUM, SILICON CHROMIUM, SILICON CHROMIUM ALLOY, HIGH CARBON FERRO SILICON, SILICON NITRIDE, ANTIMONY INGOT, MG INGOT, HIGH CARBON FERRO CHROME, LOW CARBON FERRO CHROME, HIGH CARBON FERRO MANGANESE, LOW CARBON FERRO MANGANESE, MICRO CARBON FERRO MANGANESE, CALCIUM SILICON, SI-AL-CA-BA ALLOY, FERRO CALCIUM SILICON, SILICON BARIUM, FERRO TITANIUM, CALCIUM ALUMINUM ALLOY, FERRO SILICON BARIUM, SILICON MANGANESE BRIQUETTE, SILICON ZIRCONIUM, FERRO SILICON NITRIDE, FERRO SILICON, SILICON MANGANESE, SILICON CALCIUM BARIUM ALLOY, HIGH CARBON SILICON





",ORES AND ALLOYS
"Anyang Hongshun Industria Co.,Ltd.",China,"86-18567796851
86-18837209569","nancy@hongshunalloy.com
jassie@hongshunalloy.com","FERRO SILICON, CALCIUM SILICON, HIGH CARBON SILICON, SILICON BRIQUETTE, SILICON METAL LUMP, FERRO SILICON LUMP, FERRO SILICON, FERRO SILICON ALLOY GRANULE, FERRO SILICON POWDER, CALCIUM SILICON LUMP, CALCIUM SILICON ALLOY, FERRO SILICON BRIQUETTE, FERRO SILICON BALL, HIGH QUALITY FERRO SILICON BRIQUETTE, HIGH CARBON SILICON ALLOY, SILICON CARBON ALLOY, SILICON BRIQUETTE, SILICON METAL





",ORES AND ALLOYS
"Anyang Huahengfan Metallurgical Refractories Co.,Ltd",China,86 13569099603,doris@huahengfan.com,"FERRO MANGANESE, SILICON METAL, SILICON CARBON ALLOY AND POWDER, CORED WIRE, FERRO CHROME, SILICON MANGANESE ALLOY, SILICON CARBIDE, FERROSILICON, FERRO SILICOM POWDER, FERRO SILICON BALL, CALCIUM SILICON, SILICON SLAG, ELECTROLYTIC MANGANESE METAL FLAKE, RECARBURIZE, AL-MN-FE ALLOY, SILICON ALUMINUM BARIUM CALCIUM ALLOY, SILICON ALUMINUM FERRO, FERROSILICON INOCULANT, NODULIZER(FESIMGRE ALLOY)",ORES AND ALLOYS
"Anyang Huatuo Metallurgy Co., Ltd",China,86 18037296649,luna@sialloy.com,FESI,ORES AND ALLOYS
"Anyang Jbt Metallurgical Refractory Co.,Ltd.",China,"86 15937282819   
86-15836388218","tom@ayjbtmetal.com 
sales@ayjbt.com","SILICON CARBON ALLOY, SILICON METAL, SILICON CARBIDE, FERRO SILICON, SILICON SLAG, CALCIUM SILICON, CORED WIRE, FERRO CHROME, FERRO MANGANESE, MICRO SILICA, SILICON BRIQUETTE, RECARBURIZER, BARIUM SILICON, FERRO SILICON MAGNESIUM, SIAIBACA ALLOY, FERRO PHOSPHORUS, INOCULANT, IRON PYRITE, FERROSILICON BRIQUETTE, PULVERIZED COAL INJECTION, GRAPHITE BRIQUETTE",ORES AND ALLOYS
"Anyang Jinfang Metallurgy Co.,Ltd",China,"86-15824691859

86-18737101421","xiangri_08@hotmail.com  sophia.wang@ayjf-metal.com

nancylovecat@outlook.com","SILICON METAL, FERRO SILICON, FERRO SILICON ALLOY, FERRO SILICON POWDER, SILICON GRANES, FERRO SILICON LUMPS, CALCIUM SILICON, HIGH CARBON SILICON, SILICON CARBIDE, SILICON SLAG, CARBON RAISER, GPC",ORES AND ALLOYS
"Anyang Jinfengda Metallurgical Co., Ltd.",China,,meng@ayjfd.com,"SILICON CARBIDE, SILICON ALUMINIUM BARIUM CALCIUM, SILICON METAL, FERRO SILICON, FERROSILICON MAGNESIUM WITH RARE EARTH, CARBON ADDITIVE, NITRIDED LOW CARBON FERRO CHROME, SILICON SLAG, SILICON CALCIUM CORED WIRE, FERRO ALUMINIUM, FERRO MANGANESE, MANGANESE BRIQUETTES, ELECTROLYTIC MANGANESE METAL FLAKES, CALCIUM SILICON ALLOY, LOW CARBON FERRO CHROME, MANGANESE METAL LUMPS, FERRO SILICON CHROME, FERRO SILICON ALUMINIUM, FERRO SILICON STRONTIUM INOCULANT, FERRO SILICON ZIRCONIUM, SILICON BARIUM CALCIUM, FERRO SILICON BARIUM, CALCIUM METAL",ORES AND ALLOYS
"Anyang Jinyuan Supply Chain Management Co., Ltd.",China,"86 18749310967
86 15226180657","sales01.jsc@jscferroalloy.com
jingjlily@gmail.com 
emma@ayjfd.com
jscferroalloy@jscferroalloy.com","
MCFECR, SI, FESI, SILICON CARBIDE, SILICON CARBON ALLOY, CALCIUM SILICON, FERRO MANGANESE SILICON, MANGANESE INGOT, ELECTROLYTIC MANGANESE METAL, HC, MC, LCFEMN, RECARBURIZER CARBON",ORES AND ALLOYS
"Anyang Lishi Industrial Co., Ltd",China,86-18739729326,sale02@lsalloy.com,FESI,ORES AND ALLOYS
"Anyang Lishi Industrial Co., Ltd",China,,sale08@lsalloy.com,"CALCIUM SILICON, FERROSILICON, CALCIUM SILICON BARIUM INOCULANT, FESIMG NODULIZER MANUFACTURE (OWN FACTORY), SILICON CARBIDE, FERROCHROME, SILICA FUME, SILICON METAL SODA FELDSPAR POWDER",ORES AND ALLOYS
"Anyang Lishi Industrial Co., Ltd",China,86-15837207537,info@isalloy.com,FESI,ORES AND ALLOYS
"Anyang Weyan Alloy Co., Ltd",China,+86 18567802263,"aria@wyalloys.com
aniya@wyalloys.com",FESI,ORES AND ALLOYS
"Anyang Xinlongsen Metallurgical Material Co.,LTD.",China,"86 19503638030
86 173 3727 5460","katherine@ayxlsyj.com
vera@ayxlsyj.com","SILICON METAL,FESI,SIMN, SILICON-CARBON ALLOY",ORES AND ALLOYS
"Anyang xinyi Alloy Co., Ltd",China,86-15824614766,yanmeiaini2008@sina.com  niki@ayxinyi.cn,"FESI, CALCIUM METAL",ORES AND ALLOYS
"Anyang Yuda Metallurgical New Materials Co., Ltd",China,86-18695958515,1589869109@qq.com,"
FESICA, FESIMG, INOCULANT, FESIBA, FESI, FESISR, FESIZR, FERRO SILICON, CALCIUM METAL, CA WIRE, FESI BRIQUETTE, SIC BRIQUETTE, CORED WIRE",ORES AND ALLOYS
"Anyang Yuneng Metallurgy Refractory Co., Ltd",China,86-18530601892, info@yn-alloy.com,FESI,ORES AND ALLOYS
"Anyang Zhaojin Ferroalloys Co.,Ltd ",China,"86-15037248706
86 14709591117","adams@zjferroalloy.com
sales1@zjferroalloy.com
jackzheng@zjferroalloy.com","FESI, CASI, FERROMANGANESE, FERRO CHROME, SILICON METAL, MGMETAL, SILICON CHROME ALLOY, CALCIUM SILICON ALLOY, MANGANESE SILICON ALLOY, CARBON SILICON ALLOY, SILICON CARBIDE, CASI CORED WIRE





",ORES AND ALLOYS
"Anyang Zhengzhao Metallurgical Refractory Co.,Ltd",China,86 15514008571,catherine@zzferroalloy.com,FESI,ORES AND ALLOYS
"Anyang Zhenxin Metallurgical Materials Co., Ltd.",China,"86 18637215035
86 18637217025
86 15565711616 ","sale04@zxferroalloy.com
sale07@zxferroalloy.com
sale05@zxferroalloy.com",FESI,ORES AND ALLOYS
"Aon Metal and Materials Co., Limited",China,86 166 2737 9495,albert.shen@aonmetal.com,"ALLOY CORED WIRE, ATOMIZED FERROSILICON, CALCIUM CORED WIRE, CALCIUM IRON CORED WIRE, CALCIUM METAL, CALCIUM SILICON, CALCIUM SILICON CORED WIRE, CARBON CORED WIRE, CARBON RAISER, ELECTROLYTIC MANGANESE METAL, FERRO CHROME, FERRO MANGANESE, FERRO SILICON, FERRO SILICON MAGNESIUM NODULARIZER, FERRO SILICON NITRIDE, FERROCHROME NITRIDE, HIGH CARBON SILICON, INOCULANT IN CASTING, MAGNESIUM INGOT, NITRIDED FERRO MANGANESE",ORES AND ALLOYS
"Beijing LY Metals and Mining Co.,LTD",China,"86 13810689562 
86-13522973512","wanghuiying51@hotmail.com lucia@longyuebj.com kevin@longyuebj.com 
flora@longyuebj.com","FESI,CASI",ORES AND ALLOYS
"ChangXing Ferroalloy Resources Co,.Ltd",China,86-18217175579,"helen@cxferroalloy.com
lang@cxferroalloy.com","FESI, CASI, CHROME ORE, GRAPHITE ELECTRODE, MANGANESE ORE, HCFEMN, HCFECR, FLUORSPAR, SIMN





",ORES AND ALLOYS
"Chemetalloys Ltd?trading office)
Guizhou Huachang Industries Co., Ltd(factoty)",China,+86 17585418637,judy.q@chemetalloys.com  ,"CASI, SICR, BASI, FESI, CR METAL, MN METAL, MG METAL, CA METAL,SILICON METAL,CASIBA
NODULIZER, INOCULANT, ELECTROLYTIC MANGANESE, REFINING SLAG, MULTI-ELEMENT ALLOY
",ORES AND ALLOYS
"Chongqing Changru Trade Co.,Ltd.,",China,86 131 6968 4836,lightning214@cqcrmetal.com,FESI,ORES AND ALLOYS
"Coalician Carbon & Coke Co., Ltd",China,86-18909503714,lee@coalician.com,"
ELECTROLYTIC MANGANESE METAL FLAKE, ELECTROLYTIC MANGANESE METAL LUMP, MANGANESE METAL BRIQUETTES, FESI, FECR





",ORES AND ALLOYS
"Dometar Metal Co., Ltd",China,86-15317935715,"sales@dometar.com
hailicarbon@yandex.com","CALCINED ANTHRACITE COAL, CALCINED PETROLEUM COKE, GRAPHITE PETROLEUM COKE, POTASSIUM HUMATE, ELECTRICALLY CALCINED ANTHRACITE COAL, SODIUM HUMATE, POTASSIUM FULVIC ACID, FOUNDRY COKE, SEMI COKE, SILICON CARBIDE, FESI, ANTHRACITE FILTER MEDIA, METALLURGICAL COKE",ORES AND ALLOYS
EAI (East Asia Corporation Limited),China,86 13823743824,george@eaimetal.com,"FESI,SIMN",ORES AND ALLOYS
Eastop,China,86-28-85369961,info@eastopsc.com,"
ALUMINIUM INGOT, WOLFRAMITE, FLUORSPAR LUMP, SILICON METAL, FOUNDRY COKE, FLUORSPAR POWDER, FERRO CHROME, CARBON RAISER, FERRO SILICON GRADE B, ELECTROLYTIC COPPER, FOUNDRY PIG IRON, STEEL MAKING PIG IRON, HIGH TITANIUM SLAG, FERRO SILICON, ANTHRACITE COAL, COAL BRIQUETTE, MOLYBDENUM CONCENTRATE, SILICON CARBIDE, SILICON CARBIDE MASS, SEMI COKE, METALLURGICAL COKE",ORES AND ALLOYS
Feng Erda Group,China,86 17863227516,china_d@fengerda.com,FESI,ORES AND ALLOYS
"Guizhou Nine Dragon Alloys., Ltd",China,86 13500780630,lilyx@dragonnorthwest.com,"FERRO SILICON, CARBURIZER, SILICON MANGANESE ALLOYS, BARIUM-SILICON, NODULIZER, STRONTIUM SILICON, CALCIUM SILICON, MAGNESIUM SILICON, FEMN, FECR, FERRO MOLYBDENUM",ORES AND ALLOYS
"Hainan Kris Trading Co., Ltd",China,"86 13201867379
86-15717098667","mani@hnkris.com
yilia@hnkris.com
tina@hnkris.com","FESI,SIMETAL,FECR",ORES AND ALLOYS
"Hainan West Asia Import and Export Group Co., Ltd",China,"86-16689780979
86 166 8972 1585
86 18976301609
86-16689721585","marina@wasiatrade.com
sales09@wasiatrade.com
merchant@wasiatrade.com
purchase@wasiatrade.com
info@wasiatrade.com
sales09@wasiatrade.com","FETI, FESI, SILICON METAL, CARBURIZER, RECARBURIZER, SILICON CARBIDE, SILICON BALLS, SILICON-CARBON ALLOYS, CALCIUM SILICON, METALLURGICAL COKE GRAINS",ORES AND ALLOYS
"Henan Bright Alloys Co.,Ltd",China,86 18637293997,02@brightalloys.com,FESI,ORES AND ALLOYS
"Henan Guorui Metallurgical Refractories Co,. Ltd ( Hongxi Industrial Co,. Ltd)",China,86-18317777489,grmetallurgy6@gmail.com,"FESI, CASI, SIMN, FEMN ALLOY, BRIQUETTE CARBON FESIBA, FESIMG, HC SILICON, METAL SI",ORES AND ALLOYS
"Henan Hengqiang Metallurgical Co., Ltd.",China,"86-18003725336
86-15083009800",hsalloy@hotmail.com tony@ayhsyn.com ,"CARBON ADDITIVE, SILICON CARBIDE, CALCIUM ALUMINATE, FERRO SILICON, FERRO CHROMIUM, BARIUM SILICON, SILICON ALUMINUM, CALCIUM SILICON BARIUM, CALCIUM SILICON BARIUM ALUMINUM, CALCIUM SILICON MANGANESE, HIGH CARBON SILICON, SILICON METAL, FERRO SILICON MAGNESIUM, HIGH MAGNESIUM, INOCULANT:- CALCIUM SILICON BARIUM, ZIRCONIUM SILICON, ALUMINIUM BALL, STEEL ALUMINIUM, ALUMINIUM SCRAP, ALUMINIUM CAKE, CALCIUM METAL GRAINS, PURE CALCIUM CORED WIRE,FERRO SILICON BRIQUETTES, SILICON BALL, SILICON CARBIDE BALL, ALLOY SLAG:- SILICON SLAG, FERRO SILICON SLAG, MANGANESE-RICH SLAG, CORED WIRE",ORES AND ALLOYS
"Henan Transtrong Casting Material Co., Ltd",China,86-15737211113,joyce@hncczz.com,"FERRO SILICON
FERRO CHROME
INOCULANTS ( FESIBA, FESIAL, FESIZR, CASIBA, ETC MANUFACTURER)
NODULANTS ( FESIMG MANUFACTURER)
SILICON CARBIDE
CARBON RAISER(GPC, CPC, CAC)
CORED WIRE ETC.",ORES AND ALLOYS
Henan Xinxin Silicon Alloy Co.Ltd.,China,"86-372-5375259
86-18624885692
86-15544005657","judy@ferrosialloy.com    lisa@ferrosialloy.com
vicky@ferrosialloy.com",FESI,ORES AND ALLOYS
Henan Yunzhao Metal Material Co.Ltd ,China,86 13460953795,yaokun010@outlook.com,"
FESI, CASI, FESI MAGNESIUM, INOCULANT, LCFECR, ALLOY CORED WIRE, FE BORON, SIMN, FEMN, SILICON BRIQUETTE, SILICON CARBON ALLOY, SILICON SLAG, OFFGRADE SILICON, NITRIDE FERRO CHROME, NITRIDE FERRO SILICON, NITRIDE VANADIUM, NITRIDE MANGANESE, SEMI-COKE, COAL INJECTION, COKE FUEL, RECARBURIZER, SILICON METAL, MANGANESE METAL, MAGNESIUM METAL, CALCIUM METAL",ORES AND ALLOYS
"Heze Hengtai Alloy Materials Co., Ltd",China,86-15154435208,victor.yu@fesi-alloys.com,FESI,ORES AND ALLOYS
"HK WSM STEEL SERVICE CO. , LIMITED",China,86 155 151 00024,sale@wsm-stlsvc.com,"
FESIMG, FESIBA, FESISR, FESI, FESIMNBA, CORED WIRE, CASI, SILICON METAL POWDER, SILICON METAL, ELECTROLYTIC MANGANESE, ANTIMONY INGOT, MISCHMETAL, FERRO CHROME, FES, MG INGOT, GRAPHITE PETROLEUM COKE, SILICON CARBIDE",ORES AND ALLOYS
HONGXI METALLURGY COMPANY LIMITED  ,China,"86-18567898496  
86-15086839676","anson@hongxi-group.com
robbin@hongxi-group.com.","SILICON METAL,
FESI,CASI, 
SIC, 
FEMO,
HC SILICON,
FECR
",ORES AND ALLOYS
"HWA Seng Trading(Ningxia) Co., Ltd",China ,86-15109516501,clarkjia@hwa?seng.com,"
FESI, FECR, FESIMN, HIGH CARBON SILICON, CHROMIUM SILICON, ZIRCONIUM SILICON, CALCIUM SILICON, CARBON ADDITIVE, BARIUM SILICON, SILICON ALUMINUM, CALCIUM SILICON BARIUM, CALCIUM SILICON BARIUM ALUMINUM, CALCIUM SILICON MANGANESE, FERRO SILICON BRIQUETTES, FERRO SILICON SLAG, SILICON BALL, SILICON CARBIDE BALL",ORES AND ALLOYS
"Inner Mongolia Jinzhong Chemical Co., Ltd",China,86-17331026089,vivian@jinzhongchem.com,FESI,ORES AND ALLOYS
Kang Xin International Trading Pte.Ltd.,China," +86 15515000909  
86 17337269153",hannah@msumt.com   smily@msumt.com,"FESI,CASI",ORES AND ALLOYS
Lanzhou Sunrising Ferroalloys Co.Ltd ,China,"8618919127224        
86 18919106734 
86-18919106247 
86-18919972320"," info@westfesi.com 
sales@westfesi.com 
sale@westfesi.com
sell@westfesi.net","FESI, CASI, SILICON BRIQUETTE, HIGH CARBON SILICON, SILICON METAL, SILICON CARBIDE, SILICON MANGANESE",ORES AND ALLOYS
"Million Link (Tianjin) International Trade Co., Ltd",China,"186-22543399
86-18902117716
86-18602652398","anthony@millionlink.com
nataliefeng@millionlink.com
luna@millionlink.com","FESI, CASI, HCFECR, SILICON CHROME, SIMN, LCFECR, FEMN, HCFESI, LOW SILICON FERRO SILICON, LOW ALUMINUM FERRO SILICON, HIGH PURITY FERRO SILICON, STANDARD FERRO SILICON",ORES AND ALLOYS
New Sail Ferroalloy,China,"86 166 3835 9670
86-15236598899","jennywu@ns-ferroalloy.com
louisxu@ns-ferroalloy.com",FESI,ORES AND ALLOYS
"Ningxia Fangtuo Metal Materials Co.,LTD",China,86-13995123098    ,sales@fangtuometal.com,"FESI,CAL-SIL",ORES AND ALLOYS
"Shaanxi Zenith I/E Co.,Ltd.",China,86 -18706806774,business01@raws.vip,"SILICON METAL,
MANGANESE METAL,
SILICON CARBIDE, ",ORES AND ALLOYS
Shanghai Delong Steel Group Marketing Center,China,86-13072080539,yxzxhj@detiandnts.com,"
INOCULANT, CORED WIRE, FERRO SILICON/RARE EARTH FERRO SILICON, FERRO SILICON CALCIUM, CALCIUM METAL, CALCIUM ALUMINUM ALLOY, CALCIUM MAGNESIUM ALLOY, MAGNESIUM METAL INGOT, CERIUM MISCHMETAL, STRONTIUM METAL, MANGANESE METAL, FERRO SILICON MANGANESE, SILICON CARBIDE, SILICON METAL, FESIBA",ORES AND ALLOYS
"Shanxi Chengzhou Industrial & Trading Co., Ltd",China,86-19335928806,melody@qizhenmetal.com,,ORES AND ALLOYS
"Shijiazhuang Mining Imp & Exp Trade Co., Ltd",China,86-139 3189 1339,Cathy@sjzmining.com,FESI,ORES AND ALLOYS
"Sinogu Industry Co., Ltd
Yuanjin Industria Ltd
Erdos Xijing Mining and Metallurgy Limited.",China,86-15807711280,sales@sinogu.com,FESI,ORES AND ALLOYS
TCGTrading Co Ltd,China,+86 158 5927 9580,"janetcg@163.com 
zhiyong@sitcg.cn","
FESI, FERRO SILICON BRIQUETTE, SILICON CARBIDE, SIMN, SILICON METAL, ELECTROLYTIC MANGANESE METAL FLAKE, FEMN, LCFECR",ORES AND ALLOYS
"Tengda Northwest Ferroalloy Co., Ltd",China,86  13993153517,llccbb6317@163.com,FESI,ORES AND ALLOYS
"Wanfeng Industry Co., Ltd",China,"86-18567408888
86-18567409999",02@wfalloy.com,"METAL MAGNESIUM,
FERROALLOY,
SILICON POWDER, 
COKE
",ORES AND ALLOYS
"Wude Group Co. Ltd                               (GANSU MRG CO.,LTD)",China,"86-931-8728480  
86-18919055564","markguoo@gmail.com
info@cnmrg.com 
kim@cnmrg.com
",FESI,ORES AND ALLOYS
Xiamen ITG Group Corp Ltd,China,"86-15750730075 
86 18559276695","liuwx@itg.com.cn
xieyuxin@itg.com.cn","FERRO SILICON,
RARE FERRO SILICON MAGNESIUM,
FERRO SILICON CALCIUM,
FERRO SILICON BARIUM CALCIUM,
FERRO SILICON ALUMINUM,
INOCULANT,
MAGNESIUM INGOT,
SILICON METAL,
SILICON CARBIDE",ORES AND ALLOYS
"Xi'an Qinli Alloy & Material Technology Co., Ltd",China,"86- 15353621407
86- 18700856936",sales2@qinlialloys.com,,ORES AND ALLOYS
Xinhao Group (jyoti mam ask for check first),China,,huweisi@huahengfan.com,FESI,ORES AND ALLOYS
Xinlongsen Metallurgical Material Co.Ltd,China,86 16692774500,galen@ayxlsyj.com,"SILICON METAL,
SILICON METAL POWDER,
HIGH CARBON SILICON,
CALCIUM SILICON,
FERRO SILICON,
MANGANESE METAL LUMP FERRO SILICO AIUMINUM,
MANGANESE METAL BALL 97% ELECTROLYTIC MANGANESE FLAKES,
MAGNESIUM IGNOT",ORES AND ALLOYS
"Xiamen jcx import and export co., Ltd",China,86-13666033459,emily@jcx-siliconmetal.com,,ORES AND ALLOYS
"Xi'an Top Metal Import & export Co., Ltd",China,86 18091075771,"shilly_sharing@163.com
shilly.wan@shinny-metal.com",,ORES AND ALLOYS
"Henan Yunzhao Metal Material Co., Ltd",China,,yaokun1112@outlook.com,,ORES AND ALLOYS
CHENGGANG METAL,China,"86 18595820336
86-16603725657
86-13027597815
86-18790854655","iris@ferrosialloy.com;
vicky@ferrosialloy.com;
cathy@ferrosialloy.com;
jenny@ferrosialloy.com;",,ORES AND ALLOYS
"Foosoon Trading Co., Ltd",China ,"86-15603722230
86-16668336325","admin@foosoonhk.com;
sale@foosoonhk.com",,ORES AND ALLOYS
"Qingdao Uelion International Trade Co., Ltd",China ,86-18563965020,ue02@uelion-resources.com,,ORES AND ALLOYS
Krishnendu Mukherjee,Zambia,,"sales@championalloys.com;
prianka@championalloys.com",,ORES AND ALLOYS
